"","Y","","","","","","","","","","","","","","","","","","","",""
"1",-6.35535421179496,0.341532745797534,0.448300277878589,0.0143725742200969,-0.617652526125084,-1.19452654643872,-0.370322971868265,1.09871798343104,-0.452744208131993,1.40309323748843,-2.09872487486456,1.15634870217118,-3.51010973407107,-0.497090836261431,-0.249262398631758,-2.30517211273715,0.699296961840492,1.16387555796232,-1.37619372828495,-0.416530897780144,0.0501489992269801
"2",-0.125432538321524,-0.374964175810411,-0.585475229323832,-0.224200920767681,-0.691588856392015,-0.492060930287134,-1.22696317439832,1.93807687368125,0.613785624181585,-0.032948259824944,1.46070631537184,-1.03354913640945,0.427379271789208,-0.428578985040935,-0.65539444988223,-0.892827170145766,0.24942340045351,1.51165922447198,-0.495497726562563,1.51745799641912,1.08363407563361
"3",1.47929035318879,1.56080944310892,-0.356399191313649,0.278143524189356,-0.593163969011984,0.189724739959116,-0.400146617395684,-1.69396315851451,1.28902617042566,0.0694088574035067,0.321398301306041,1.63775113061908,-0.204928469083237,-0.595423679468149,-1.26311805632049,-1.14784408226961,-1.13315887191667,-1.31673676343669,-0.801957546285429,1.65523574184058,1.78488440422782
"4",-0.000248903841235659,0.299406602992421,-0.152516037540387,0.494115117464496,0.251816791901715,0.537520088714728,0.461633173724885,-0.798329702489941,0.114458137497691,-0.507094024950157,1.62092133504501,-1.17774657328103,0.0466111618283667,-0.162805271929156,-1.34275863397068,-2.13298071627899,-1.07061714710663,0.233600638106722,-0.00880925291177175,-0.954231767953303,-1.0687313178811
"5",-4.56745931767129,-0.318836452453735,-0.528280228261,-1.5156397859355,-0.0897598272994491,-0.126905675542725,-0.219996394624837,1.01640619150622,-0.186040044584999,-2.80729252991422,2.13097075399139,-0.195573400818131,-1.08319511368399,-1.28140335643524,-0.280887106380403,0.0114151334039692,0.931716984126055,-0.334930204236059,-0.770103397397677,0.38257845309778,0.0587387815892667
"6",-0.80695767618189,-0.234389796650707,0.994348356059349,-0.525029750339361,-0.942308010276578,-0.0593740833176683,0.365543124916659,-1.14147884955283,-0.612613961255754,0.65558606683478,0.0511233687817703,0.849245367197877,0.40896000544013,0.835117344544193,1.65976772482408,-0.447487849296645,-0.944141337295999,-0.0885553225205769,0.275381905875784,0.32179475941219,2.45341049777362
"7",-3.95650217570583,-0.0747885517448397,1.4908700513849,-0.593377925972106,0.227174915355437,-1.87516755499267,-0.478485728831888,0.266179531863543,-0.50483560480173,1.13602709409017,-0.572657947260771,-0.439932555910263,-0.928406243530939,0.279627891292669,0.4645887154118,-0.649609709622243,1.42949796010043,0.770590815195907,0.623046930622771,0.707698028695348,-0.487353431369254
"8",0.820685762698364,-1.3217919545697,-0.123697633218543,1.22125139968575,-0.204763756417008,-1.20178242141661,1.43410612313211,1.34602443934775,-1.72795274302958,0.636246929120003,0.564326932836923,-0.532041418651715,-1.37005793815355,0.779552305687328,0.505055786759994,0.173902487562721,-0.744122296367705,-0.57309160476249,-1.21314234366379,1.20236043075577,-0.166858152252737
"9",0.319056490520885,-0.0807340567142092,0.605016014686991,-0.306885588209215,0.0630469589406353,0.890880925322821,-1.69223585442276,1.74844784816102,-0.222601095578494,0.91241264027375,-0.667609044341363,0.634877043093325,0.50798213964284,-0.054816472914307,-0.446266374688498,0.319700647289903,-0.422763477900887,0.203605564232429,0.558581875232693,-0.0572447440790188,-1.6302943399284
"10",-2.70875646460368,-1.181756797495,-0.465477678731462,-0.786323548272643,-1.05823280779469,-0.085559844587922,-3.02706824038558,-1.42188131503212,0.0809987431488483,0.0726987795837713,-0.184677105773393,-1.66003926245731,-0.125922122023657,0.407300575476473,-0.143334611032772,0.00143085253470098,0.355166685515519,0.103462610075513,0.507368821445361,0.182184731910475,-0.103575072746097
"11",-6.27247769038246,0.272959487621546,-0.420700703517677,-0.104622788310163,-0.821764470673016,-0.967179571334795,-0.638650947799323,-2.66557401790399,0.136329247336335,0.162662278924289,1.32133700300658,-0.427092406121706,-0.386380038684609,-1.33205404344064,0.219100735688434,0.422031094084738,-1.48011858984734,-0.0911306122749823,0.7099451394052,-0.618240953120572,-0.216096271381811
"12",-1.19206267883569,-0.367252017142556,0.328918800594715,-0.684400092269887,0.887301039543759,0.609482374352831,0.125664033783751,-1.48408307474738,0.241093519530978,1.73567688423698,-0.841549649465486,-1.50557350374129,-0.413510971752789,0.389233047713846,2.28246274419009,-0.0649990484744937,-0.824166105330708,-0.766592330530413,0.407032487951745,0.99215660938739,-0.207795207644594
"13",-0.996835418519587,-1.17499254220545,0.0637171024348867,-0.570774548429689,1.3028063302106,0.696336958899164,0.119021075112435,0.0414481619787835,-0.471033263553387,0.31214453487204,-0.594987215397342,-1.95829500800744,-0.140126722984629,0.451879053213219,-0.406303070055214,0.853795942514637,0.764219766376483,1.07689975543856,0.362011602285301,-2.04440467961372,-0.214080343596049
"14",-3.98484857727061,0.24561276241095,0.198704506173057,0.0692882449324098,-0.175082744249712,-0.0587661073299197,0.494667316930672,-0.775794647187641,0.804345488331591,0.385988540176023,0.379157211881613,-1.58198194766055,1.25320465183736,-1.2847636159801,-1.69006503772671,-1.08874041496779,0.909687319491884,0.774896177540238,0.112000012731357,-0.827583309483346,-0.835163083098178
"15",-4.96690257292183,0.101060305006951,-0.408401259851814,-0.449708279872556,-1.53255308228792,-1.376688050578,-0.519249750326429,-0.444034640018725,0.228689263970973,-0.673551927252834,0.516965616752206,1.68878522079467,1.63086264999928,-0.910213675371985,-1.30768248038963,-0.885596803740435,-0.199729898654743,-0.263879600684073,-1.45890736832466,0.201909030830293,-0.32013798393392
"16",0.967709648436136,0.767733783187594,0.0382330393835379,-1.16796741905634,-1.95501156360331,1.93363253415842,-1.72472666016849,-0.515894729734649,-0.438032510211157,-0.0812478795225292,-0.271424671941699,0.240858035100515,1.69238012758015,0.52259124333362,-1.45743639625451,-2.54804714234563,-1.16972056480213,1.35478471880555,0.154773497917535,-0.433813998526989,1.0232184694856
"17",2.73077219401686,-0.983208094793772,-0.165773702674608,0.189531330261762,0.000876230614074994,0.0848601162279489,-0.529926381183694,1.34856259055311,-1.39182786655492,0.337053041677534,-1.70681086166842,1.27602298849022,0.994985731818219,0.162465919184405,0.451954469247906,0.368813896046911,0.738166670754211,-0.722647286406843,1.43472108591095,-0.421047718114433,0.334864307206006
"18",0.114885237846838,0.690782584193588,-0.852964680306062,0.673109274267458,0.0145069125148069,1.0689839353531,-2.4239331834767,1.17737498082563,0.17485014428508,-0.141208371840706,-2.15041378398601,-0.759079098549356,-0.931012997386028,-0.575387034077024,-1.40481576598739,-0.516078405526451,-0.812861810745658,0.881435882172829,1.03249724590729,0.166503503216741,0.234558928880427
"19",-2.22135726840026,0.727898844272678,0.0648889671539946,0.943230079499629,2.26160900556397,-1.67212912256377,-1.79748027717152,1.63030330845081,0.189460154576085,-1.15984367099669,-0.0686384958201547,1.96340760401827,-0.753052449230484,-0.0551159927215442,0.761750725133353,0.289652978734616,-0.750077856432076,-1.11385870904683,1.71994111139784,-0.984749121693425,-0.827345900754133
"20",2.53615393364543,1.42254939661628,2.47973115170882,-0.236427494370405,-0.646547962144181,0.348644169366381,0.41352846501546,0.472980402861022,0.454846926535505,0.0922364452506098,-1.04174433342777,0.642005391859557,-0.826865063742199,0.910083510479858,-1.05581510175383,-1.02398426425801,0.534102634717822,0.795635535018395,-1.17391667026414,1.32935188163663,1.64717125958015
"21",-1.94843176204932,-0.0487470319757608,1.48673900118421,-2.44879628902809,-0.149392030348563,0.636494845191959,-0.360717940523749,1.37895651570812,0.504935538060221,-0.896928540928256,0.485953897611763,-2.20594365123668,1.11620260983739,1.41903170573936,-0.983165905376613,0.870002281682139,0.963550437040287,0.164062261582023,-0.555271999633298,-0.065826382767969,-0.549087637597032
"22",6.66273072120992,1.26822215643299,0.733813474795531,0.8733340733198,0.3061297196746,-1.55123663784309,-0.560926979245095,-0.252868095810704,-1.34809032065621,-0.45689488247172,0.406880783830882,1.76800585150134,0.975222726346957,-0.0411600281063985,-0.47903800088221,-0.558430695601085,2.33208848879068,0.200016486170059,-2.26305304397776,-0.703203298124251,0.576771372092258
"23",-0.77107662193621,1.74153221799589,-1.40692817684743,-0.768598585434784,-0.832974099620952,0.677117672235648,0.815925714006725,0.70404667404402,-1.06111419340866,-1.38047248496014,0.40896404341434,-0.711436639525015,1.00090426718327,0.529858086756793,-0.333415865448852,-0.162679320970475,-1.48809156295795,-1.47160001349979,-0.145316962050604,0.0578140308338075,0.536279932039429
"24",1.30988314773031,1.07502971612418,-0.507587949725518,-0.675366905001354,-0.360307051657464,1.52587008223922,-0.399459847583165,-0.278445868975018,-1.63926307535113,-1.02836245837111,-0.595178503585592,0.525852842471686,0.942468647687182,0.333732471364963,0.623071282066812,-1.45542505569394,-1.36049568748869,0.66498110178637,-0.180634735525138,-0.0445902647809758,-1.86509211279468
"25",-4.59609306896085,-2.70818551122112,1.49345995630175,1.04985299502131,0.206531982389708,-1.89666310992706,0.6872057099877,-0.0171214154081654,-0.154277534407635,0.264427631225406,0.217002211312889,-1.49536637799982,-1.13757247351584,-0.558235240183164,-0.15166254810949,-0.834172371257941,0.378685119667661,-0.118919228593531,-1.29100509845707,0.254977342902045,-0.380882230368827
"26",3.12208157857148,1.00979063171242,-0.858930720354451,1.19963934003024,0.292601829974668,0.0120770642523189,1.43362338560535,-0.289873486589944,0.0783890610215862,0.618246459971455,-1.12710010904989,-0.837811688816503,1.32184901820827,0.234992329143423,-2.23046147207736,0.0271682270017543,-1.1157808938736,-0.606281103546829,0.00304811271535158,0.143212184597414,-1.38616123192835
"27",4.61400711454316,-0.72059545111334,-0.109190641674161,-1.2469593180562,-0.220430025224966,2.18714919895463,0.537433713101151,0.586015271911058,-0.166374823151923,-1.00081043073308,0.976668037075201,0.758666121576331,-0.272918232929554,0.420574464356549,-0.456582898182343,-0.868891847716721,1.68807272420619,-0.0227817146557006,1.79773619839654,-1.63514650896655,-0.795601062424992
"28",-1.24094957839519,-0.114836801080559,0.840835624740437,0.651591460208305,-1.89260825837696,-0.146392903786268,0.335568155791734,0.902242382351062,0.34171896363392,1.06105209483843,-1.12602282764205,1.04070358210479,-1.92022631626439,-1.22261938426027,1.17881377857547,-0.685334474331421,-0.341725386828384,0.325044787037196,0.755520056594625,-0.308270458300055,0.729757291255548
"29",-3.07874442533112,0.244362745269699,-0.29506364393619,-0.106461019026787,-1.2055956774075,1.11555118135853,-0.747906541086723,-1.22261764845145,0.465833342475441,-1.74339497983497,-0.752219120916047,0.886582921190808,0.426541548149281,1.71650400247341,0.236296509084661,-0.840421504702179,-1.10459966133838,-1.06965717375172,-0.660324585221291,1.28982108565692,-0.589641038407951
"30",1.31748701120618,-1.1009967400897,-0.135045592615148,-0.0814755600047029,0.114248542415308,-0.0837112245338612,0.519271979872953,-1.13088321133928,-0.379360560320179,0.0604931876902075,-0.373125204980464,2.03989324061166,-1.06864752233553,-0.00149255970312031,0.239493428765308,-1.17617745900852,-1.93111689288045,0.00736663370796866,-0.417373874674778,-0.495623461553635,0.64243695045905
"31",-4.44236770622786,-0.817982716912991,-1.03354500271511,0.969027214839569,-0.274162964094408,-0.897914702899147,-1.92978004222279,-1.59887100063646,1.47358476970549,0.617920401680245,0.390191915686425,-1.76903313242931,-0.929436968353782,0.162600167144452,-0.340307764397046,-0.960559120505811,-0.140771413688172,0.975910842986743,0.185483512091351,1.33425294115649,0.856605988526512
"32",-2.27884951142804,-0.407391328450629,-0.106589775836651,0.586014584991223,-0.41242716269368,-0.704989569437546,0.0674136041065708,-0.866942597636842,0.754856472624925,-0.96966949033962,0.570027786026179,-1.42476010267107,0.306860136885892,1.28600665551674,-1.25627967252049,0.145528026892108,0.758841521445227,-0.764721320796024,-0.234434769537322,-0.469920124577416,0.886929917467038
"33",-1.34792015607628,-0.0340829697592833,-0.374137840643944,-1.18582537181553,-1.39711698677579,-0.512863795210795,-0.1719158875977,-0.327988540605021,0.676062006083026,-0.513918351015596,-0.14753543846665,-0.0276809860340661,-0.592432981182619,0.569832859576672,-0.127450897154725,0.743641255200091,0.740050831202083,0.826818186982541,0.162097926656926,2.77229504647822,-0.79454099269634
"34",0.698856103866114,-0.419039814373811,1.1958396474721,0.228552494232206,-0.80716143608447,0.148343311798089,-1.47832047385396,0.708693849209865,-0.233843391918098,-0.168067642281813,0.647369784480491,-0.446344131116049,0.7630043003105,0.673874593962179,-0.218379122447599,0.216030170526668,-0.59516115943708,1.16816632572462,0.859369846806713,0.231687233432746,-0.00726675762262901
"35",-0.144082864322941,0.351016856031162,0.86585045336779,1.33154990295149,-0.543922515848492,-0.367463484163432,0.376065592217511,0.903967158784238,-0.120562274630945,-1.23784513437756,1.708767835028,-0.88079173199109,-1.7276493546976,2.10632286004115,-0.0966173411632436,-0.54996492609876,1.2099196391319,0.685152190518724,0.0853698905776942,0.30159830691014,0.179424186459609
"36",0.110649077016752,-1.54234446101213,0.379417430173746,-0.602631196225287,1.45367312245833,0.157931197704798,0.594359099061573,-0.00457053235506546,0.28724867223807,-0.871708086151878,1.00579206698891,1.52339167050243,1.20993466206823,0.772427736312603,-0.404546686570878,-0.493012540319796,1.28991976202454,-0.541804995518749,-0.236782114171653,0.610400586363891,0.68588173913779
"37",3.74710458436791,1.01587544902531,-0.542435337018483,-1.58855885356519,-0.812668187000449,-0.321572664319006,-0.973107411133134,-0.194470766987381,1.24466968397461,2.46744384101632,1.25186238386192,-1.49377349599068,0.260693971546476,-0.580263278967168,0.483560712999228,-1.6101642873228,0.357993843020513,0.294524643644588,-0.247882840686896,-0.694794744354229,-0.128635573531298
"38",13.2546741911853,-0.467561014812897,1.85391310785034,-1.18117956412301,0.476967578066361,-1.40366258224746,-0.952063576636903,1.25463965513502,1.75819299987092,1.59259898853524,1.08734439953294,0.417992737566311,1.86243015839716,1.05026117400922,1.61568859957608,0.71119819595224,-0.844639412812641,1.37238052882855,1.06269983828865,1.23718767640468,-1.21865729222879
"39",4.54257492185566,0.12110329296593,0.327044513631222,-1.12040549796282,-0.733999530616445,1.3222920619925,-0.555774092750286,-0.532763720641054,-0.244022331435823,2.22191100393581,-0.464163892394939,0.715241775796872,1.09261847010097,-1.41087753626841,0.590311554880773,0.776335115528346,1.14895582319554,2.43159876951567,1.33579696618922,-0.495903562934858,-0.64386202065291
"40",-0.740810046049129,-0.285439609513611,0.236847740532779,0.149090297508527,-0.622536023571473,-1.14590775094835,-0.830406539160017,0.729975162779678,0.555552616960182,-1.23142895147805,-0.612842629181241,-0.308801856424087,-0.133482199114781,0.218741326383141,1.01626867380975,1.04931550543142,0.124912259872079,0.282362600541316,-0.809796685999383,-1.67484098130188,-0.332075904409085
"41",-2.24709414712672,1.60988524696665,1.50004993800721,0.286029008055402,-0.350115344642007,0.0298097303944026,1.36435934711143,-1.70715581031524,-0.128534866350534,0.305261018222498,0.264713948918784,-0.192969537000673,-1.87963297767262,0.860021336309425,-0.622733118302214,-0.365632662389278,-0.140777408088333,-1.12110015563514,-0.647770682157377,0.976505231239575,0.401023615057335
"42",5.57330320605032,3.44039539943568,-1.57586428756614,0.435702856394821,0.259672086828046,-0.138215676580458,0.441804768100698,-0.793184091683033,1.15050395036022,0.802074616794786,-0.779233562151443,2.45289650209051,0.0298910093657133,-0.575693058325185,1.23069375671734,0.3057272655747,0.478530133698125,-0.813653507914233,-0.149471259674668,-1.51072768705438,0.0911342463347311
"43",-0.315279496853487,-0.574748834583275,1.69263722434443,-1.45177165184146,-0.79442630769473,0.759133438854004,-1.04204192110233,-1.26852198272037,1.2153762008823,0.114925465550054,0.843030044183622,1.02761983973375,-0.48440710840783,1.20841133762388,1.05102283199267,0.384349667413812,1.14908793988148,1.58334102185302,-1.56405956161072,0.13220089376198,-0.173825219718086
"44",-6.84168231559662,-0.907685891868517,0.492369776241413,-1.08596814186449,-1.4499270510774,-0.768931514260845,-1.72196401087264,-0.600908281698969,-1.03882758838105,0.233360218819058,0.641783726731839,-0.123440420874462,-0.488341386872458,-0.0772079237273073,0.778106793559252,-0.12245409784053,0.843186597086339,1.36301573635105,-0.266573838880442,0.0408766489975215,0.276262884741882
"45",-3.88240070904698,-0.951124293179527,0.862668373830476,-1.93096492647458,-0.0959411820307371,0.985366922779755,0.667537332688859,0.53621144456177,0.24386386795437,-2.14288920743505,-0.550102931815391,0.283587151578469,0.868027421734396,-0.990652656323863,0.177270694267627,-1.15703011576281,0.969382031088498,-0.202496731200336,-0.949563843186913,-0.0382745509308186,-0.938366967451248
"46",-2.34258008853582,-0.56762725086635,-0.572741795141926,0.69398692778693,-0.626091069016919,-1.20123194472579,-1.08254717815467,0.639816694545858,-0.473380041967992,2.34345761891911,-2.70069286793834,-0.0562715761717448,-0.589268585423258,0.724872625099213,1.14094124287192,-0.510097606230649,-0.0975407544548374,-0.838672556750244,0.111158687483684,-0.279281144090941,-0.277010647817176
"47",10.1560814765743,-0.067600775271599,-1.36282554489949,0.107135877606225,-1.18679547671249,1.44539058728753,-0.11463853366757,1.14285893803071,0.289810939740606,0.868184908134972,2.83826234606971,-0.418176516224305,1.35579817873744,0.441221536526215,0.824478002034982,0.95711260208128,0.196914916470403,1.01589892157331,0.523550072492732,1.35249584658789,-0.23050052965072
"48",-4.10463400622483,0.145207044556774,0.502924782083071,-1.39598238810227,-1.26834388581809,-0.374412158464705,-0.609342210337841,-1.13615183887661,-0.745684245869413,0.0925411541924571,0.613963564419182,0.793369566673902,0.209847606400946,-0.34209512192912,0.0481628938622548,1.62187863713,-0.432424118693618,-1.11198649394683,0.345753376722956,0.424991498938749,0.598404704770822
"49",7.16029835071696,1.1912390226416,-0.268047507451726,1.94300806262414,0.842054435864308,0.275091193698157,0.25760245083922,0.354304671780159,-0.733264312829934,0.297256541174752,0.0165961311625277,0.8092611714628,-1.99967844866847,0.696621824737085,0.947005729099678,0.333724704774405,0.188220631973099,-0.429374842732825,-0.921100362803002,-0.449931039124699,0.825783547872955
"50",0.0882895459939246,-1.09617948013287,1.09697801892309,0.641889581320438,0.330826985775508,-0.838496995133212,-0.85595473557532,-0.0972170003393597,1.89582172576698,0.250424191060252,1.46140684996486,0.978429712239947,0.195077637618626,0.813579246722249,1.2167268668746,1.14608484232642,-0.225628170033514,0.858267810239123,0.541194347622677,-0.895088436368383,1.52925670158309
"51",-2.28287426816597,-1.4551927447453,0.381119832640731,1.46159827184809,-0.598498199981284,-0.114462206071651,0.963823316552841,0.279777197372949,-0.66904609897547,-0.329772886331382,-0.466717497340524,-0.703998299189352,-0.519013670794595,-0.768994707751601,1.5818212736368,0.494585812854352,-0.45696703256499,-2.83826371336748,-0.36723433376483,-0.350874383763222,0.461752649591458
"52",2.58375467052135,0.0326539245027917,1.41699397754045,0.143930579219351,0.355509922404826,0.190360088729722,-0.360678210551559,1.42767923850136,0.477716668790142,1.93064751751466,0.985157904793139,-0.107404770897245,-1.23407082887722,-1.09032604309773,-0.537295873896313,-0.712805212135699,0.529799031970718,-0.507777822867177,-0.349634010751405,-1.20384463973622,-2.97212780081821
"53",-0.0211744451830688,-0.825512968053152,-0.50528777918536,0.435653406751039,0.585654283124583,-0.47187342848423,-0.576597457780876,-0.805271739876102,-0.844745579600396,0.514281658838335,0.314679833816767,0.414812874444967,-0.242027003488104,-0.744077434901449,0.0683946163017546,0.0830357678188934,0.149027795258286,0.812599743969805,0.11465337645234,-0.361302516150226,0.0299957586378503
"54",-1.30592772869747,-0.625926443645031,-0.115006141430292,0.640479481386447,-1.92461080954748,0.460336101453528,-1.20389357103775,-0.90567181235004,0.830121455825423,0.643364604918222,1.36500542315406,-1.41227069611981,0.31293840382561,0.0848695692799245,0.384829246594892,1.4539405558965,0.523690131669228,1.38241835230959,0.544414661257382,-0.406841985729253,0.0076543499927315
"55",0.0772021759028277,-0.282041076152815,-0.708866188893774,1.7679559195382,-1.24799000396409,0.170020168949936,-1.03618516290974,-0.868539825406246,-0.612575800310436,0.45400631467729,0.657714274582862,-0.359229331332385,-0.272227211562061,0.681752606540371,-1.1748481198866,1.25622059445756,0.654683661023593,-0.44600714513384,0.641431872788127,-0.363810979204234,0.0899907799744537
"56",1.67392918179888,1.35613161213464,-0.295040028560056,1.57242617470707,-0.471457028583222,0.221739115758208,-0.272850834688662,0.368119432152979,0.639788300730923,-0.544662972981817,-1.35637393420244,-0.157753165368108,1.13575557445235,0.636895610220814,-0.380380294750294,-1.24118522713737,0.566097212217895,1.00397473179174,0.453885725117765,0.766682377180114,0.310238691307438
"57",-4.08475529369929,0.761896556375784,0.565826727474268,-0.0131726651794269,0.00770585207325947,0.536730028097764,-1.40237161070734,-0.421983160166478,0.0382382136069061,-0.6630256246797,-0.939081774981683,-0.600687182195861,-0.351040810715797,-0.184644210190123,0.439053123157487,-1.26978358978224,0.195518994946378,-1.47543869185767,1.28643759209363,0.694864019587028,-1.51945439029539
"58",-4.92194180713862,0.315456415250155,1.16650641136668,0.588142915192061,0.234564920084951,-0.980084464194592,-0.116261119046207,-1.79837359723708,-0.512215556507656,0.96954472582204,1.242426857501,-0.742315863827404,1.63254061819361,-0.602460420726572,0.763544554145884,0.889269483331529,-0.379857027355139,1.15049619459647,0.454160954825085,0.769848613869415,-1.71414045504082
"59",4.75019026401897,-0.402447834452357,-0.397638014892463,1.05364849497951,0.709302379656784,1.69953135162644,-0.604000645526809,0.576487077835849,1.05061514901004,0.574153613386767,-1.03774611245088,0.0498836101451522,-0.304579488814894,0.358535791527789,0.330473231616385,0.0475682660450072,-1.20907600716752,1.14177913463806,0.712300442189763,0.481289192426775,0.216201250109728
"60",-1.09910563908752,-0.535744835299703,-1.49566968559628,1.20596183262413,0.397425408780064,0.0348432358389677,0.141932276599602,-0.421198207750159,0.281041171635815,0.373934473252562,0.19051445922747,-0.128281705869532,-1.25000623150982,1.53498853194116,-0.694730278307476,-0.755816651588133,1.17012469610586,-0.571171989178871,1.12127222455113,-0.174380090373588,-1.29702926979833
"61",-0.0286279319140841,-0.221037916213788,-0.671187248760487,-0.640524292399341,1.46636067114326,-0.522564946390384,0.339587849449583,0.513572348483742,0.190781083261028,-0.437003069432136,-0.186014943324861,0.621878565604792,1.10899634314401,-0.380171607325828,-0.521507220318517,-0.554924996885964,-0.385490936116453,-2.47723334600499,0.122231078268257,1.11622271070722,-0.923066626126958
"62",2.73823071583858,0.569446272210835,-0.591819978264452,1.4826301872971,-0.184771685297756,1.1747291951957,-0.0980279113802662,-0.492778879932435,0.66078878906876,1.76118806839992,-1.54856717426787,1.64755032985942,2.15746186727259,-0.121747172725939,-1.70736992434657,-0.0642767065604039,-1.24300164500806,0.72394446084885,-0.292296895502558,0.427005312072675,0.444344872713654
"63",6.37053830827414,1.52071779402251,1.18711487421434,0.214963226493001,0.339999421809789,-0.209463672823715,0.647600647424261,1.55167943172249,-1.11244074611063,0.444810342974798,2.24911041708378,2.19017377220418,-0.971229717906322,-1.29786687957793,2.51460269465554,-0.445162524910002,-0.464509884692059,-1.23922407837118,-0.870101663011687,-0.434671635590686,2.2966731383988
"64",2.15409391587533,-0.391339942013655,-0.505896064905959,1.09767518240053,1.03509530820716,-0.921564350728861,0.691437685785135,-0.664071146614527,1.00151132206929,1.47649406166205,0.221914944276924,2.2679470280904,-0.389496039747158,0.893496562254391,1.00946931891907,0.768130613019701,0.597283062588789,-1.46557436540026,0.323863592180662,-0.15965859550737,1.26134713789396
"65",-1.28925163980036,-0.281272537460487,-0.109916101530701,0.401152102855079,-0.536443937779723,0.45725565912528,-1.15145176770466,0.0238541991219114,0.170588482975531,0.343030230992443,-0.187359644942875,-0.784735751505092,-1.34204206023508,-1.09741822482834,0.517260731965989,0.158192238235232,-1.19632854077439,0.274616702456683,-1.26520020071467,0.341798685129629,-1.33727333107391
"66",-0.397289574923466,-1.42310069798698,1.60505794924043,-0.656546460893606,0.129568041531573,-1.69343765069382,1.24712686099575,0.177709437652955,0.418770694793769,0.313673826297345,0.130177286356869,-0.0736498750325761,0.855333776074798,-0.0296899350461055,-1.01458760457006,0.976282078565724,0.680497123908468,0.909131758726308,0.317548238398578,-0.506710145752664,-1.32567280469996
"67",-3.5183952064101,-0.706809024223809,-0.0632499894369166,0.104358579966745,-1.94089018820813,-0.556945054101288,0.407933960018878,-1.79639633383185,-0.0728177939861247,0.340725600943396,0.766628640590161,-1.63393021193794,-0.987040254710007,1.11453123095868,-1.78571217287103,-1.23126903384831,-0.279416595296572,0.203301356977629,-0.669287279014762,0.550377445771773,-1.05068958082297
"68",0.685989248006533,1.02009814109758,-0.263379961674488,-1.53697248916284,0.662810729371968,0.359088248333498,-0.447578955227269,-0.683170696291519,1.42403244341505,-1.57680497525221,0.741854104467934,0.463971956205643,0.0775407544954268,-0.79424856767435,2.74633268955573,-0.111747687975521,0.802344716066818,2.38174495264003,-0.375099292721195,0.730610077236976,1.43098826838599
"69",1.94696233842564,0.0289232802490425,1.82792663783841,-0.413095281145101,2.05161135790233,-0.157230242901129,-0.831759045365647,2.08496343433693,0.298212213827222,-1.4659238459035,-0.896043834669469,0.00635244145217024,0.161735950449604,-0.856265226018447,-0.100022559258424,0.158972477893622,1.11555504552079,0.0305233729002166,-0.866860282895352,0.146082811481697,1.3456291007353
"70",7.33966818876586,0.812776130826322,-0.608661217624207,-0.19634471618586,0.908917189039259,-0.965353243474402,-1.45397662698173,0.343822411185095,-1.50379781098563,1.74238224706292,-1.33947707321938,1.66841445934038,0.575268890462836,0.619833726191523,1.09418952902085,-0.939422050266499,0.314299164469935,-0.710038391238381,2.25743195284719,0.068804411346552,0.274847851554076
"71",-3.69036013319088,-0.205391939072023,-0.422055561089735,1.44442252344505,-0.153359218619571,-0.646778165241085,-0.754929146388195,0.800349939613889,-1.77871221421458,1.04502192860332,-0.18439782781586,-0.71914010493164,-0.825114787752272,-0.374142172893694,-0.841310608980032,1.00574187215852,-1.18714587372384,0.602864367235677,-0.740289797431081,0.429525468266468,1.50985482187957
"72",1.26608467677719,-0.31155719862042,1.00278188393079,-0.157926866891593,-0.015101259372783,-0.0601601417793258,1.05256852978175,1.32769949002767,0.111029647784608,0.901841509511316,1.73720960267942,0.644440610012645,-0.107783729380185,0.196215296890253,0.261083420688529,-0.471399710375198,0.232075746743497,-1.34857970166481,-1.37697601270164,-0.995040669884298,0.358649886544146
"73",1.70612414586773,0.736329135802713,0.598795547014292,-1.60091337133407,1.04364739739936,-0.475142769105445,-0.877594746901945,0.165896084874296,-1.31353449542477,-0.62648117993626,1.7943003178608,0.965233584161983,0.664701510905558,-0.325819472296296,-2.38607772283407,1.17453282677661,-0.191477661656859,-0.966977853662499,-0.324159440595053,-1.14141625981287,0.0944740489702608
"74",-0.685521781875237,-0.771083534092218,2.06646876289801,0.528811655919173,1.43460991479483,0.0798692915877608,1.88619559769003,0.109595792027807,-1.98805225203065,0.729441725029437,1.56895766033764,0.203974261459556,1.18472701478617,0.624488032211456,-0.297355330024776,-0.839188063837814,1.30397165682168,-1.53015064000773,-1.58408136837238,-0.314726918278373,-0.979190142120061
"75",1.67540148819763,1.10177859393083,-0.24645810481891,-0.0850871083656147,-1.40124562270603,-0.325942376292319,1.04167187882769,-1.04340011408336,1.88563561463014,0.0966495248956922,-0.317899944139343,-0.546779889452955,-0.146289466209552,0.651437902510755,1.29016829487009,1.40972546438027,-1.72668851951266,-0.45437535881732,-0.796764774155428,-1.20323360843603,0.0627023032566707
"76",-2.24813842587032,0.0585988226903534,1.04111166029815,1.54825631199043,0.207243317284005,-0.741784442822451,-1.36420664749446,0.231319345405989,0.365652601620471,0.707607765153318,0.356079059135355,-0.558086120275075,1.70838502858176,0.0861567914863735,2.38041520417268,0.504112551061321,-0.934431870179779,-0.509961085949575,-0.735730163852517,-1.1059555628269,0.0541065984322507
"77",-2.1117434457083,-1.7044299882989,-1.02081352018343,-1.27162020266322,0.860869207885382,-0.928752836489236,-0.385704422709872,0.536153605868685,-0.653297242798075,0.377686416179233,1.4955192859076,0.573612372556545,-0.00326723521235665,-2.84303272026105,0.857394963297833,0.863787512208039,-0.589993240750456,1.09791321218578,0.192926700482834,-0.420507288103055,0.34799581368545
"78",0.867053230547008,0.855572544736177,0.243136945552757,-1.07422519770018,-0.510413607869801,0.332307098871378,1.07807176236977,0.320909274643118,0.520917086364381,0.207081582398773,-0.889709024248012,-0.0185334953090407,2.15148549192916,-0.150677668770002,-0.572361863040706,-1.84060986774136,-0.511863274901732,-0.232755264959713,-0.811177802323907,0.581710746618252,0.506754581415995
"79",1.92536112367858,-0.534088614216506,-0.108902129202502,0.114986356561747,-0.577297831320208,0.406791019759003,0.611848025194609,1.09443061967673,-0.650115679336887,0.257781927083762,-0.164342059643952,-0.104154679097961,-0.484395133575279,0.426995237514678,0.956063656150731,0.42655578168267,-0.86575143840838,-0.388373436169361,-1.0998145174447,-0.498075962648026,2.0775721632471
"80",0.454207462344541,1.22145515622705,1.23252173349922,1.38279706927127,1.99545171588075,1.48844119690946,0.870081354491303,-0.980763364782323,-1.14335643267002,0.124000695224687,0.651646689827971,0.579221848612951,0.785227550724162,0.248294397238759,-0.0192662502615977,0.402885158967223,0.105456933065357,0.280432800134315,-0.0561411177387471,0.0364003595697802,0.0096630786597625
"81",-1.4557293717508,0.0647197943567764,-0.372385756236008,1.10202458553414,0.38075110775957,-0.0194214417929763,1.98786216657553,1.26830462419188,-0.764342124170966,0.336048360667116,-0.783887919208613,1.18767890107525,-1.15612214999133,-0.874286789364467,0.378311694561542,-0.0215832605154979,-0.608977499180438,-0.927485361938314,-0.742281808512843,-0.103808646948882,-0.568081289266765
"82",-1.98011123507389,-0.487772487447289,-0.943233070051271,1.56451204015059,-1.27571032640891,-0.753108516230836,0.609522627834049,-0.484683275652427,2.03214712941828,1.01912801915106,0.314661717157939,1.05316529757497,0.67092795748047,2.95136983958524,-0.56110847875259,-0.407144116592042,-0.804008065895471,0.955024685066916,1.20615705485304,1.81271034494025,-0.277764818765911
"83",-9.09388646544576,-2.30518817673022,-0.622874551809884,1.14131290328048,-3.00237189563154,-0.0743327911232781,0.0564507732998358,0.810283959002229,0.489791090323871,-0.610614070884886,1.6540977320803,-0.0334388521393691,0.873407971944972,1.23973882051059,1.73876986167905,0.0648719992286062,0.0656401676201442,-1.04673553027583,1.32660182441896,-0.038588725981501,-0.529648513082286
"84",1.35062342069591,0.612091190065325,-1.17961190130214,-0.0483396829047146,0.882661563951381,0.772600223054391,1.10343218421099,-0.795095380373962,-0.598840382686094,-0.672562919463838,0.148447190040829,0.524820430215458,-1.61046943838736,0.215375969843245,-2.76673679066091,-0.688544853791599,0.883696440723347,-1.30882119126859,-0.439849506166361,-0.409359342836546,0.207087694305458
"85",-0.117777993514859,1.18186868858656,0.349242332110187,-0.548633386516549,-1.09560094733726,-0.101498428216595,-0.0240217780876667,-0.0251785103592156,-0.00309611848062739,1.25911562809463,-0.330646066502163,-1.91449915809023,0.561866053617031,-0.00423743633476663,-0.858471108428536,-1.37933997066262,0.222085701983525,1.54819658071752,-0.768561466065248,0.441372289053378,-1.2075630295437
"86",1.05084831021378,-0.614381891434093,0.605576643739373,-0.621996149093862,-0.0400599126940921,0.0221010975455188,-0.316149779868621,-0.184960023048681,1.18483059279053,0.835684803416285,2.28199439854853,1.12401969782934,-0.656689798528646,-0.106810134753572,0.349416330871882,-0.0370475462580852,-0.0673031932386779,0.107482108157642,0.496751462615393,-2.03269061290294,-0.989115064139675
"87",0.93246656260355,-1.29697400449033,0.143204416524373,0.72927356576737,0.661858708256806,-0.812975694396143,-0.0457122425315195,0.640716173030106,0.668643494164412,-1.00793297176064,1.67310126202793,0.603754011794221,-0.855875367376585,-1.45888206694195,-0.161367239806903,0.831044329959281,-0.215449666191291,-1.47070462639282,1.17549138099111,0.0408072833102728,-1.6232014503005
"88",0.792466019965346,0.25437657380762,-0.230822845209641,-1.03925738628126,0.144770447672446,-1.45439188773128,2.60978027851769,-0.479733856090924,-0.349378568754776,1.72797805489216,1.02112430012193,0.368202599269616,-0.745461682764561,0.31157034025978,-0.530644173113444,-1.55235837504038,-1.95255504109072,-1.59591874844362,-0.107462731707939,0.137968959053748,-0.423084103820003
"89",0.0865325626809888,1.36756144326859,-0.694791220175216,-0.944668096549092,-1.31857174698407,0.439696513835868,0.398600018029934,-0.732934666784542,0.0144573727933143,-1.10449215664521,0.610158035634804,-0.579144671092083,-1.39930279870825,1.53185195343703,1.89358834802731,-0.135703037286857,0.444895132487553,-0.19655173174444,-0.606210884553461,0.972485868416928,-0.475330556151229
"90",-4.38102859363129,1.06852572933521,1.18774023671822,-0.843692008162901,-0.956771116452571,0.580882044138551,-1.56686076166178,1.40773270267627,0.8162970705733,-0.619610608781291,-1.15151088764145,-0.683565491619847,1.3212323814134,-0.26270945867733,-1.11693066587056,-0.186034338099261,-0.317585648239331,-0.118543397911493,-0.563130273439391,-0.620296806432327,-0.00798491697330793
"91",-2.56712832742545,0.704084848197917,-1.60649551580328,0.192532968600973,-0.571847346235575,1.61317402332425,-0.247467611632427,-1.2607099187403,1.18381941066743,-1.72232644841539,-0.0124270532198083,0.461807335533888,0.266922767791419,-1.12220945192661,-1.0964971071098,-0.122778504067166,-0.248588629678868,-0.895201428805708,0.658066497116225,-0.141159168712975,-0.648539419392421
"92",-3.1429345328869,-0.405053626568756,0.258863863670202,-0.00225557855956022,-1.61529025711947,-0.477509762090821,-0.363820126113588,1.25055521382605,1.66846580447013,0.0371021084902975,-0.279094708284836,0.506731704959743,-0.430415717209549,1.00231916395429,0.316344333048449,-1.11023684278183,-1.93009880915511,-0.316787706096559,-1.44160294754672,0.0652052785050557,0.104973768145644
"93",8.5560481921213,-0.700939615111565,-1.18673864694302,0.0819986932759789,0.0571631283239021,-0.101809172039354,-1.11584641461114,0.572891320997131,-0.946404745087238,0.511885510258006,2.23475575867546,-0.790269175486208,1.81657039174913,-0.0748499312457626,0.948732804881816,0.782185769612764,1.40780752181779,-1.39851408352353,0.807342277129758,2.05339602906995,0.481296247458895
"94",-3.36346874693587,-0.925048294023933,0.0616612942738647,-0.0568556523936115,1.20848754490027,-0.335363439554795,-0.302965317457686,1.23660819250412,0.744651540180632,0.936809580329238,0.792661783881572,-0.421716288182262,-1.70768817252118,-0.2744930846553,-1.22395480500424,-0.571292146167986,0.10530732316619,1.38766418005035,-0.482825242111149,-0.435683622246604,-0.52402391315696
"95",4.23334737457889,0.448652315902604,0.831537123724909,0.423538399610681,-1.39954276348491,-0.553542930751895,1.89221995565289,0.0696028371603247,-0.163589047469669,-0.283873740034404,0.0220804947377998,-0.0559324873769973,1.28922757335536,-0.430774649350441,1.7641778345752,-1.11784772961152,0.215699267502198,-0.877794038676806,0.94678526662652,-1.81862898037014,-0.0994190333576028
"96",-0.838082264903361,1.51425232605965,0.167657695001541,-0.631818845828725,0.0453706479374869,-0.174382916265733,-0.853371867108819,0.774917855266796,-0.313619084727777,-0.153042155186754,0.22915900020065,0.544177521648515,0.206355272465709,-0.565317586476009,-0.351848782370845,0.563438884112996,-0.846252747900142,-0.418621649963066,-0.0363941184969389,-0.373072303974556,-0.734319052736346
"97",6.6034308979033,1.33019951938419,0.893935319331579,0.115730833242708,1.05216289264404,-0.532031001835695,-1.45127942038721,-2.72393255340645,-0.920279710130282,0.521928479005103,0.792583862054867,-0.0772220824695928,-0.330688787076533,2.42902207641552,-0.834717985777561,0.454932280829695,0.947818169682092,1.70702553223874,-0.111692252688125,-1.00425676812812,-0.392588634053456
"98",1.27624764955277,0.218493090114557,0.331613171530016,0.384819652469243,0.00309846035272937,-0.177150968085404,-0.807582813809436,0.359075875108617,1.9956571988963,-0.187962428174309,0.534787301500403,0.136387333839532,-0.716047562466217,-0.095131825286519,-1.72755915034576,0.592116112649314,1.37648915412093,-0.0404444761599613,1.50042934916367,-0.595933013637331,-1.6242276252208
"99",-7.57610979757607,-0.3566977788862,-0.879326156585242,1.28179764788249,-0.288025445040562,0.982571603709261,-2.52085287619751,-1.23682348121565,-2.12161053262079,0.557936622267637,-1.07196585301795,-1.29735328954089,-0.286369168802329,1.36464577196698,1.00058847487033,-1.21562396949347,-0.00120221486082823,-0.438502295893552,0.199124151873216,-2.18319047136901,-0.271865324405024
"100",-0.268864504471857,0.158288204939179,-0.683771928184069,0.711471104390104,1.47783046478247,-0.381707941922005,0.473274609040073,0.836301223379936,-0.701800641141665,-0.0712759267207235,1.01481955586389,-1.12987392071205,-0.311214021800219,1.14855828116295,-0.71293265691579,0.63199504407899,-1.42031177969789,-1.00228257901399,-1.10608247106136,0.299635162361183,-1.15036710635956
"101",0.602301855611036,0.213756693483943,-0.606367696622182,0.298397370013597,0.804499375804088,0.446530215948361,0.349071929928961,1.60602238411863,-0.0574093465984328,0.0388024353746453,0.329816775378419,0.433960131320825,0.128219879146924,-0.622828782991276,-0.354953281521722,-1.04022064254696,0.64259781889416,-1.60033983418582,-0.680240906720696,-1.31615196472294,0.510967374018516
"102",-1.42912736680752,-0.0824193908877503,-1.75058705429157,1.00723457309337,-0.895382376258523,-1.25927219819678,0.0220471448402359,1.1211085027371,-0.736773546646549,1.70891708914783,1.32513967290343,0.94892540339453,-1.01661857183906,-0.608440287872176,0.000466738643151402,1.03417468296566,0.411768971954278,-1.44461809044775,-0.396159536415241,-0.895043663550616,-0.736416381056054
"103",-0.900592198950922,0.140630631032966,-0.00120005988530666,-0.609421064222035,0.160404627525546,-0.419246213846831,0.380371203290302,0.206143044171109,0.729752706399432,-0.578590078343133,0.443660659004146,1.02485880358766,-1.74522812074262,0.565715835358224,-0.268528653395567,0.0876189427315442,-0.836386134743389,0.699691417401714,0.520682788532511,0.791349461181453,-0.295326211630469
"104",3.32615102043105,0.894754918854814,0.618036912338203,-0.936044031256702,-0.288463493691403,1.69262213866108,-0.0341997966344703,-0.0386076481812799,0.482648104643344,-0.375760938329442,-1.11379458286437,-0.520316105754816,0.541163925333619,0.32536031278115,-1.00141976917456,-0.923959618485099,0.537590089722937,1.21175099542045,0.818145622419145,2.47864274977533,0.320612743207436
"105",1.62132778457346,-1.06095970430888,0.188997670973411,0.146508024677139,2.18083580677211,-0.0196856456639071,-0.188956022842259,0.402968507790365,1.17703060676755,-2.17197471356513,0.985572503192122,0.802058342190612,0.383399051939538,0.214161441979508,0.784268648374004,-0.0359320231259029,3.17896381101578,0.367335774280251,-0.0762340262069519,0.249913575319791,1.68910640213297
"106",3.24067985837453,-0.0775459782623426,-1.28766142598831,-1.30779306196654,0.953614263109039,1.3560936790885,1.82543140629817,1.27500927722727,-2.26475934968753,-0.123110211727083,0.0128088677723062,0.262662928461096,-1.45074381782381,-0.0457057509591631,-0.828826807704942,0.917065187053354,-1.17651126102703,-1.26364557570486,-0.774866817253015,0.598992270039002,0.527224841014097
"107",-6.00091387002252,0.848747168874185,-0.271192860195207,1.24083576732644,2.36230698737093,-0.6199042444612,0.278464092640458,-0.163651126817356,-0.511004570322427,-0.902785680070243,0.0858773429607003,-0.609551445632482,-0.964680477575844,-0.124873423418242,-0.770699641133958,0.659285495441773,-2.15587908014352,-0.802665652561161,-2.12167973562156,-0.0016209100691014,3.54520323922877
"108",-1.05631152709531,-0.840556307023644,-1.21500834441876,-0.446831495592628,2.1109045672094,-0.989331849119257,-0.925511685578481,-0.0873899719352856,1.31867116606295,-0.704868190051043,1.20070787104614,0.46267722513901,0.426676272407484,0.784265092673534,0.827426791938831,2.02967780055163,1.38233192220783,-0.289807741323079,2.26350081437947,0.687430181056582,-0.956804491260773
"109",-1.92278379406926,-0.889567270603623,-0.60620038291969,0.0611074016345088,1.4926536968751,0.143318086460575,-0.334483699766192,-0.781355287868646,-0.143533199790855,-0.566339128462645,0.381725669440121,0.989501776258889,0.3977614303195,0.523549094238372,-1.6480130825567,-0.92960244487842,1.77777087478868,0.925796965137427,-0.156936568639236,1.01149022107046,0.0145332721931381
"110",-2.49496418036302,-0.805405885414577,1.03895001040546,0.755632868406062,0.454103022909056,0.0556672957655527,-0.965895617159816,-1.57943888272749,-1.07496967794419,0.114325223918261,0.0351650683545816,-0.680453003448108,-1.38536478649801,0.662831807048615,-0.141177342126943,0.855837270028245,0.334987201016755,-0.892485986916437,-0.576666496170891,-1.02532632313447,1.32054648725183
"111",-2.19998826166213,1.60140767066872,-0.587568280185024,-0.0164886668408467,-1.2451036740843,-0.0878512890714457,0.210451710856344,-0.26235469446893,0.679122956902848,0.716386508353084,0.336454651601714,-1.39194391951814,-0.87461898487578,-0.515025872508274,0.292563160791,0.490909861969511,-0.741863087184018,0.506043317931757,-1.77850461121372,0.981472004837137,0.17618440137486
"112",5.50137870331596,0.733040654356947,-0.40590644297722,-0.127982160296011,-0.790863256474398,0.493737310496849,0.610858496791044,-0.347234515436471,1.80704334583619,0.543142515167507,-0.978835211520543,-0.593716410935096,2.73534049154783,1.39033471897318,0.170162434956746,-0.104557544811041,0.3936799967552,0.224740587760525,-0.518957138356887,-0.370599057563961,0.171760980225119
"113",-1.0093660248727,0.856797024748993,0.932370297227947,1.00320061670575,-1.01421013745557,-0.0166934050113883,-1.34698405609461,-1.07856164046929,-0.328248078621012,-0.276205329728677,0.509429227384694,0.0120957968899771,-0.905816605253086,-0.807092973933408,0.782531037587666,-0.372820845256871,-0.494366141596002,-0.23829353823157,-0.336113482849806,-1.88220998574998,-0.677098800289103
"114",3.90963401008016,0.227423042651998,-2.07146713544026,0.144994663297538,2.22562130159303,0.76891614717441,1.52200303444509,-0.644155074927188,1.0687333501324,-0.810142513920656,-0.339719965680115,-0.327257500357379,-0.376843612550887,-0.405345412460011,1.31158537678297,0.4860340667696,-1.50256059866541,1.31616942174978,0.0954964563771826,-0.27113020625246,0.24443194947992
"115",-4.13009134522325,0.689007278705927,-0.429781537307731,-0.215355955022686,1.43862189997481,-0.619711789361931,0.628450324974817,-0.0293381804485731,-2.79900551447419,0.610129267586089,1.98937314981085,0.440771821009062,-0.501757995938318,-1.08314826934312,2.32845732366722,-0.271915424500203,0.524707209310539,0.511612270054621,-0.359967830387572,-1.61004562409736,0.417575231480151
"116",2.15489182326732,0.637002527169996,0.0377206472946068,0.95753927480163,-0.511652269426088,0.165340434062355,-0.408164981291671,1.07900721896501,0.175395440621855,-0.736969965230723,-0.971255824934613,-1.05786894379445,-0.297727828231082,-0.926005067886624,-1.11902943877372,1.97030854884688,0.510174612558681,-0.415584098403575,-0.169320114065688,0.7138743488866,-0.182283929337747
"117",-5.49836610905271,-0.481488610503921,-0.365665169583072,-0.52760119484973,-1.33277965909243,-0.407881934254734,1.65418142309057,0.113776178786352,0.271727069273256,0.244899676408399,-0.256473334642813,-0.952124601614619,1.31013496950323,1.39760817583184,0.678882970925315,1.68169908054245,1.83334988934791,-0.0578138794086611,2.04625124715089,-0.660281366237003,1.14474914295359
"118",1.20635508032099,-1.95216214432972,0.813096120844496,-0.0643075109841182,0.206116656297411,0.472009309018916,1.14622218188687,-0.297952501264,-0.319708560204948,0.390145998906988,0.283424756353713,1.58736662295569,-0.720934512268915,-1.09494372177774,0.152856354019492,2.69334786944835,-0.0885194861028728,-0.247402489926545,-2.08053518267408,1.55248619175764,-0.406324015002693
"119",-7.36848516781871,0.102332376259335,-0.881191200334133,-0.80223946589886,-0.0922159466159273,1.35090923262185,0.478741561675024,-1.27638434395462,0.919436483187789,-1.79808878680939,-2.19869236623305,0.514062523186919,-0.153428267612539,-0.685047996127344,-0.0080670665214212,1.3598333636985,0.616804800169048,-0.461785615642268,-1.03546406449319,0.908126582466735,-0.982180547621324
"120",1.4788728839647,-0.0231849009366865,1.57858795795556,-2.09024715807944,-0.50294697429216,0.283373425777985,-1.84557073115465,0.730800182812899,1.44661940939971,0.0224705446593648,-1.17684298966009,-0.866237516395879,1.09597576858097,1.66111011881363,-0.766823088199666,-0.438947089601556,-1.09537684524136,-0.68980714205001,1.08116971365054,-1.58598489182469,0.871451061994668
"121",2.36523338199967,-0.570911222624083,-0.0838213047893343,1.26930685254554,0.318815136459611,1.42310403090104,1.27835211082325,-0.349420392630242,-0.656776082476892,-0.0603587589492271,0.846642066059917,-1.35423786414514,0.806158184294394,0.00770426867672428,0.376033999110015,-2.06108100861442,-0.908934978668465,-1.70703026593262,0.141395226506107,1.83478195257523,0.0993242753057371
"122",0.397227626139214,0.314654714783104,0.637645766120122,-1.01590049559084,0.33006601773352,0.741240979021107,-1.15358307731256,0.561232878739054,1.39017963979141,-0.702086478616659,1.73030280163178,-0.876182549595192,0.0495469239209623,0.693226663736087,-0.092332305722698,0.0477838566490825,2.00493238536538,-0.490127765107588,1.56013580221653,-1.39000838276607,0.71769036587088
"123",1.1699309095227,-0.125721595709804,1.56349609130511,0.197796765647356,0.442572903423775,-0.23109695232861,0.0139110022294509,1.26280626804377,-0.567514074269261,-0.0817275312763308,0.625844926533651,-0.230028326732348,-1.57438408582891,0.637029205589308,0.0663981134806341,-0.580473968857715,-1.82946323783494,0.123687382658234,0.335120600495379,0.548897192848905,0.96147612712642
"124",-0.252224451783655,-0.164731481140191,0.629413660036361,-1.13823036161204,0.573282328740041,0.862602228522023,1.59175653826231,-0.595367057343399,0.620383175755771,-0.0889903394089003,-1.25986155527574,-1.4633400198494,1.59499105995242,0.0480008841456463,1.7267826033479,0.284127521757046,0.135241972397955,-1.50629782100678,-0.910942516665988,0.971915766753527,-0.154871287887614
"125",-0.761012886291906,-0.884790078679496,1.68601722377168,-0.0517314555726086,-1.05705555937311,-0.750490264760276,1.90171119336401,-0.241271263960353,-2.27991947614207,-0.500530746860358,1.07936410714644,-0.233407800889791,0.630006371299281,-1.85475291091111,-0.829715428681323,-0.139443412718117,8.77600816914884e-05,1.57259822606153,-1.74209384957297,0.520524296334171,-0.136994445536068
"126",-2.38750667268224,-0.364906884898451,0.420456888824752,1.20698885417012,-1.87958986003055,0.131314590949169,-0.613567721382606,0.949754838411707,0.0809456700621354,-2.16828555400386,-0.00342919865141354,-0.0373312048944015,-1.3028528539144,-0.227779667445487,0.474540754027524,-0.944215482927342,0.220707631244538,1.79281826057483,-2.48677786435288,0.283112923797681,-0.631176261863278
"127",-0.938437194099693,-0.260595851522853,0.690699598694513,0.728250517826645,0.648634215227916,-2.33600324443445,-0.372481977617784,0.353649825642157,1.68656247748646,0.544242967279159,0.53673746228831,-0.842726401288241,-0.126945433964065,-0.808612279305745,0.106090367707557,-0.583120038047157,-1.13949755626063,1.22398161306232,0.445309615891338,0.302525171565228,-0.430909978669213
"128",-1.01602214810193,-1.17321111108865,1.330601444731,-0.320179826946584,-0.355252333004146,-1.25820628983153,0.551926966860766,1.07359923771347,-0.547802833397618,2.88635420403728,-0.981480576382381,0.81124554348026,0.351453793818421,1.07122150393756,-2.36896585993863,0.581788122122845,-1.61525746825212,0.210286609458425,0.810437878530197,0.321949410489939,-1.89096805100197
"129",-2.81565644084152,-1.53448575922349,0.0568471925026665,0.108119428454831,-0.250933493426104,-1.1379920123111,-0.343703484513027,-0.626894465820578,1.08791016181367,-0.515358421170253,2.03857496521907,-0.758983670523503,0.498560526602602,0.267607871226209,-0.750187071416636,-0.30355565726792,-1.50115373565877,-0.180107859551338,1.45030066445264,1.05383427937562,-2.18002151830006
"130",-0.674786723230864,-0.288798962113098,-0.204977606989046,0.465256123910084,-0.300965864374656,-0.39166514980463,0.207851009876259,-1.41688743067703,0.101745780911959,0.786059259024322,0.0922351896203524,-0.839308090553915,-0.856908102925296,1.33635345477155,0.220375965367201,0.259401063956163,-0.572813648471527,-0.544328886311851,-0.660668284760998,-0.505892744812002,0.604180834395771
"131",-5.00142054605197,-0.329164335654113,-2.54022050037632,0.343446678773457,-0.452869386109107,-0.595679544223682,-1.13427015125741,0.0486388715326698,-1.25935355707398,-0.268279512416783,0.0668154691534945,0.49767649395868,-0.311854565366258,0.871343795033503,-0.940472344820681,-0.640458942269023,-0.44352207230234,1.51395439407557,0.565989299935256,-1.73180135145702,1.38593251437807
"132",-5.4385492152354,-1.24551128755441,-1.37996133540395,-0.692512935073606,-0.564525368464567,0.349869142445067,-0.337694733933833,1.77830058382573,0.248515743579863,1.05730617559072,0.267789493361299,-1.6257268706925,-1.13242275990502,-1.03615170777732,-0.415721412469799,-0.988723392907791,-0.386066362657736,-0.36685645353656,0.66185462870228,-0.606755944324673,1.10151861956201
"133",-7.55609196297478,1.3132591314351,1.57141665082649,0.9999575958796,-0.313707970826181,-2.31241200419667,-1.29898149269075,-0.583821539018772,-0.527793935181992,-1.7351470818292,-1.43082196393562,-0.918621422490117,-1.05018641192246,0.67931194969059,-0.407082959711212,-0.0816860954595707,1.12791774001359,0.161553344194622,1.28041011110701,-0.94990301228923,-2.03191740637732
"134",3.36767875767016,0.812600982560869,0.207158231371097,-1.16745994654667,-1.6538277491308,0.0844989567325866,1.51022317477778,-0.086076198853175,0.466326843058247,-1.32353499900163,0.701688914702685,-0.449445910510161,2.05578634242956,0.436470386249376,-0.163262201195612,-0.767955820183263,0.302154704196058,-0.692787392406649,1.52145828800227,1.30549923641109,-0.799207426781063
"135",3.81915753315338,-1.08525765794565,1.04128142488979,-0.454434531412887,0.0729703483571029,1.06069477596778,-1.45098988449875,0.13507354235449,1.28797522819145,0.596658812316779,0.811823115598465,0.60071726696666,-0.969355445249328,1.24765091887961,-0.201896608546909,0.339501070147529,-1.73297915581528,-0.0162596941065112,-1.56600554743229,0.988651886454104,-1.23439372282765
"136",-2.02558042980483,0.79688048529301,-0.222016318144012,-0.712765540358312,-0.946088898216446,1.52669695635105,-0.614893523997717,-0.397765463048365,-0.0918563082034394,0.830168800850142,-0.0775405066109247,-0.0659019475085077,-0.026343935893054,-0.445769953243134,1.22849276512638,2.12445197812814,-0.129408863525074,0.800675732651552,1.02206271084881,-0.667951333328156,-0.874837203488362
"137",0.691415248077597,0.292485703811357,-0.699133523613428,-1.74013146126216,-1.02416033854541,0.239528916584131,-1.17357905108927,0.527543249830523,-0.898447958961072,1.07963435408662,-0.32471054704942,0.198459239217702,0.153401365999695,0.408972884662625,-0.97498772772572,0.213619107591544,0.185987252245081,0.328841667799489,0.486523556494172,-0.803662946381972,0.575258813335361
"138",1.99906628950741,-0.224988092289008,0.870205997080382,0.847480624811973,-0.335510053164626,1.32730690242208,0.0233071671501629,-0.29369560848499,0.860446407507804,-0.15381869701602,0.367560995241645,0.0371079240178165,-1.89171812682799,0.85574336205663,-2.17247553709601,0.26581079329009,0.201144825197324,-0.619329924222677,-1.29144053254299,1.67483840624447,-1.02824991302925
"139",1.48442724434316,0.316488089624064,0.832668592906672,-0.0216156741772014,-1.28881001571019,-0.893179062488309,0.680310186765483,0.196457279495428,0.641336973193066,-0.804969953720878,-0.472234099336411,-0.396855659262876,-0.373728115353975,-0.0714245654565833,0.0554054163482485,-0.251068947247468,-0.71405436595405,-0.082049154653874,-0.315664350451211,1.28996210744987,0.598554393368617
"140",-1.93374571935695,0.0504210564210877,0.0945733854851601,1.30853971794578,0.594004202105147,-0.376795207017395,-0.272721798774191,-0.898697588046646,0.412059522605169,1.51442122598497,-2.23424770003517,0.552685643517393,0.481829879645106,0.7042675636983,0.211619251710708,0.00360221566673107,1.18610462310021,0.24132053362503,-1.02985893786879,0.765386615080309,0.325443360274797
"141",-0.260750135105707,0.854853444851643,-0.160654076737077,-2.12424647116982,0.265516710821596,-0.478858573123583,0.822156273741694,0.366881733310565,-0.726864516898966,-0.42663580875579,-0.210129865450271,1.70796317756072,-0.462024309041253,1.14887434307285,0.950633651987475,-0.17203060510849,-0.21261960163454,0.643603138948096,-2.99563018517167,-1.84624774687918,1.51761760208372
"142",-0.204848410967885,0.581833438958239,0.894360769377428,-0.586614325346919,-1.16868533538117,-0.270181876877426,-0.556778648238808,2.30619206532468,0.600570485980725,0.494080628156411,0.849107479272145,0.346003206416635,-0.114345599359175,-0.416433925469051,1.16369536154327,1.34907714213438,0.0657825650775034,0.314395403098338,0.939645053127821,0.391280598786746,0.393441849359053
"143",-1.63743175300859,1.46424951336544,1.823711575816,-0.649526346065366,0.368825673014616,-1.30884207099261,1.28641740708294,-0.766285072292418,0.048945958616453,0.484651597645165,-1.2299678995706,-0.523415270007883,0.973600234763462,0.134633585495677,0.522599755009316,-0.886004272399242,-1.40122601401151,-2.32460753607534,0.507930073977298,-1.05419912795618,-0.670787591100035
"144",1.38256607185786,-0.238111479784978,0.460436637756728,0.325096314999525,0.0784796428242441,1.34399966990159,1.14601904234527,0.760413874251279,-0.548178237082143,0.654386657475085,0.926193905924021,0.750906078909079,0.65031885546946,-0.793303175718391,-0.454822904554936,0.228268230711403,-0.795868042407102,0.497364032613932,0.271364838078889,-0.29019461342899,1.97977270263306
"145",-0.995132065166837,-1.44511440891904,1.28399055750669,0.779088079869397,0.430502803698767,0.0130345373308561,-0.190706839126773,0.231245768091682,-0.673902982498067,-1.75645194457022,-0.359258663721723,0.0474273186093128,-1.19297399008103,1.62247210792435,0.369915987654946,-0.99181352292559,-2.50026948941014,-1.1900380942233,-0.0944813327939703,1.35289131137448,0.363820554076307
"146",-1.46663651817602,-0.041173610413989,-0.661314282823466,-0.588950919760203,1.51885306755854,1.11963896088271,-1.81118713226657,-1.18228814496232,0.845077712240056,2.08384282754287,-0.55547506571884,-0.0685440709106965,-0.183161707865887,0.808170385075036,-0.607901835488283,0.236456329721984,-1.08242299683047,1.66125303770818,0.865214404280534,1.67407722556211,0.100244739809998
"147",-8.5382943885139,-0.74432279807136,-1.92719620870018,-0.357427850724847,-1.10546826260639,-0.28879460557203,0.669434977291761,0.934776326774878,0.282919606598562,0.230783372632036,0.446796551279157,0.758051915427712,-0.989345720999316,-0.116107983210872,0.693768891481698,-1.31138172116646,-0.021860557432888,-0.725587938368881,1.7074236399533,-0.795358638111446,1.06458613086205
"148",-1.02578828669926,-0.748799576112426,1.40122052771302,-0.728401636863459,-1.21426650232922,-0.0875357739019071,-0.802130657025485,0.0615906272641401,0.291574490757901,-0.455165915135976,1.04778606975489,-0.850860830629747,-0.75724453370966,0.607699654548715,-0.385363593989431,0.173403075030179,-0.314281879002,-0.847988905119198,-0.389286824732162,0.239269188583612,0.0394249587345325
"149",-2.2194776324757,0.987902327108986,-0.644255004015599,-1.23784273071769,-0.127454984348436,-0.141488392866307,0.506424819456539,-1.50706097624778,1.25835951783328,0.640048710366465,1.75903886932423,-1.4371120380019,0.151563127125399,-1.19446516156718,-2.10220736512366,-1.72195362995517,-0.858054579747204,0.27345686252255,3.35012961351745,1.38883057892983,0.412112729312113
"150",0.328736626318753,-1.0864301687001,0.310644296230014,-0.311485563404147,0.361923868400108,-0.829543816308259,0.661063196075454,-0.156791554703527,0.585308895135468,0.212995682469381,-0.0498498661427878,0.621138268871862,0.645955078616683,1.25353181452038,0.928783026747098,0.145158436304125,0.252603433639267,0.388247420881564,-0.110525092227178,0.472922078581636,0.0563618793435666
"151",1.57937738946026,0.00556086827127063,-1.11138419864263,-1.21313384755124,-0.656327314098154,0.192485647239789,0.268932283007674,0.878048599111491,-0.709180721934406,1.19394453241222,1.47340779747978,0.648749542634181,-1.62335423660771,-0.977254554474402,0.478885561412358,1.37710213740045,-0.545833633095232,-0.540118619685706,1.23910810220913,2.58217575429879,0.784858334858479
"152",-0.748002936653384,1.56693136652742,0.153248287883677,0.0903566876086796,-0.0263824079613792,1.68183910234553,1.37808695752351,-0.387153033007087,1.94784458167623,-0.626315307095152,-0.24201082125533,0.473593786790545,-0.32724898093514,-0.058815211042991,0.319968865557466,-0.26479456635641,-1.51175790820867,0.296830045517493,-0.525461546905638,-0.231543138368441,-1.53613878891892
"153",3.07624446742137,0.37510738909737,-2.1582905370231,-0.466883127606069,0.466083141440738,0.213587370525026,0.139579585597683,0.0892131364307117,2.35177489173145,0.668747026348381,0.117514752527362,-0.661515298157,0.0882397313192089,1.61827899194473,0.0784898206719951,1.40315659884633,1.41273145328685,-0.0865091843693303,-0.0942571014554179,0.576977879175687,1.59118091185572
"154",-1.48983575113556,-1.97213290018212,0.835612298374609,-0.470845451766418,0.381181191937983,-0.295502641691846,1.65660850086026,0.882346114673368,-1.57627326361777,-0.782280236014806,-0.57394835056224,0.648845444591177,0.710833424019136,0.242451374533977,0.690514478215814,0.733048556412363,0.103277728483887,-0.669152862908265,-1.26992493089119,-0.230361537102679,-0.445880583187826
"155",1.28334635168452,0.392616978342694,0.839141767697851,-0.401775001944798,-1.1212943156405,0.985751237823205,-0.471291032862934,-0.185942341778241,1.12829336500867,1.27614874345539,-0.741134896496725,0.628009024533494,1.9258096309685,-1.67084592137898,-1.07727158608568,0.277953508416704,-0.201912682712029,-1.48450924775362,0.985245135324565,0.308843218105359,0.448123233975751
"156",0.984763418328768,-0.401386588871741,-0.608569518060879,0.0892310878931849,-0.244236140658017,-1.37510481451014,1.20538404983543,1.03508001135194,0.112720045574116,0.720634793553122,-0.775657502797171,-0.285858385251567,0.0925852471764265,0.0156028526334596,0.356455950943151,-1.34490684953483,-0.280179630368181,0.468969659746279,1.10637944867356,-0.396555131975268,1.85031696626098
"157",1.83717315114541,-1.18032284319314,-0.581420693896514,0.382020059714512,-0.625649639112191,-0.158327046791344,1.24949751397012,0.202002668197817,-0.449188595449314,-0.269911632954499,1.8888734879194,0.868357065284858,-0.42706764064706,-0.685038817183146,-0.785814667301894,-0.730612044554362,1.0200374617071,0.374430317227966,0.501995666685877,1.47197320314258,-0.561184444248838
"158",-12.7003486376142,-2.86943863397041,-1.56726580998847,-0.788827411737092,-1.22672581739038,-0.32026766081069,-0.752042331940835,-1.63507124054246,0.00488396489605088,0.679580340701181,1.89774537963245,0.463452990994151,0.679663237611326,-1.33543323925458,-0.0846019614565024,0.155775556064963,-0.906068818273467,0.540363976903394,0.305724026393219,0.253282703499748,-2.84927315060435
"159",-0.394694329065358,-0.281108763799137,0.282269049070915,-0.286556479608872,-0.713368488807319,-1.24029114276881,-0.0444646610226949,0.318522169310806,0.634047232276659,1.84081538111152,0.328692535115867,0.670451529255465,0.078933458923994,-0.100892454719852,-1.43634064854689,1.858412391513,-1.62252767823062,-0.774501244143401,0.524719482524502,0.045755010083143,-2.56769324132195
"160",-8.82077073224266,-2.41736775918468,0.435285109906345,-2.09622370327866,-0.30933411046417,-0.640472868045366,0.203505355900391,-0.692960360444071,3.16716929585282,-0.905955038162941,0.170769626729404,0.736368255734155,-1.03104059731281,-0.0406543374003867,0.929179680078162,-1.27322655712321,-0.696620457405102,-0.347530635122849,0.92873874449166,-0.889432582561514,0.827440990732862
"161",-3.94554379451423,0.32824300526616,1.10332342316245,-1.32805852540235,-0.881998233394394,-1.59215999539303,-0.183106540298688,-0.608618288517691,-0.526383163748864,-0.644404628300242,-1.60125069918031,0.675533882295828,-0.135365155835973,0.231606988563961,1.35021370690939,-0.584957611077836,0.829141859717332,0.333614076642271,0.0394256109871612,0.156455337952535,-1.68282713369843
"162",-1.26241648797259,0.34745644814177,-0.44043936372418,-1.22764660969236,0.427459416285021,-1.45860950289297,1.47369969480272,1.45211014369626,-0.102796735914385,-0.308392688878728,0.845264479568543,-2.10547149336279,-0.0413358024550286,0.506555870329801,0.252867371320352,0.252121998774147,0.648120467436514,-0.500027137817879,0.194067299503803,-0.93355496873874,-0.246935917147107
"163",-2.77998755912135,-0.919345131499882,-0.454411806817609,-0.350302095433591,1.13248444764148,1.26307111146048,-0.886672540062534,0.516678180077767,-0.385147718118465,-2.56363701745224,0.436602446912025,0.66536863521161,0.308498091994858,-0.168485515193456,-0.458862047948439,1.34527192337262,2.63333639860889,-0.556111624983171,-0.538624011125839,1.17808226830864,-1.19366516390787
"164",-1.21191238372412,0.392408864794732,0.857867507533005,-1.13119870169166,-2.07385359115862,-1.01939269068982,0.626290063555759,-0.155620945595974,-0.244745106929494,1.13711988816781,-1.06363350266738,-1.55815852912824,-0.75458841145897,-0.774417409529344,-1.32111798501124,-0.483996025905588,-1.36458699460145,0.300995868985705,0.280206874925887,-1.08020950799022,1.82458057474985
"165",3.52008357219204,-0.313119904513673,0.889080274062492,-0.0771152523225262,0.990730809985551,-0.327996113499094,0.405868821946616,1.17608776392518,0.373945239708658,-0.550402647859772,-0.877589458048412,0.308658627284696,-1.4577203701737,0.726164952965271,1.86642795708364,-0.990179993366972,-0.844191657505592,2.53493446199906,-0.90236102998299,0.0425902549802383,1.06166612692649
"166",-5.93109287512054,-1.42289018127643,0.0247151999629924,1.14621539590842,0.428026217196708,-2.44369305770678,0.0654061010172048,-2.22911260160614,0.78854918457377,0.920179215809664,1.5040300730817,-0.42390544036732,-0.200647183077917,2.16944777430628,-0.0377697275315238,2.2698927687886,0.767133062269765,-0.561438825568241,-0.188538208046468,0.858484100611178,-0.126147490591704
"167",-6.93879844279121,-1.54973964305246,-1.53557862618417,0.14222565582397,-0.726693593479356,0.826641958727895,1.16600770165498,-0.0787581012818081,-0.46862839461017,-0.313774439238264,0.17448482420139,1.43574033753496,0.372337283825044,-1.37237890859429,-0.32339848090542,1.42610290280885,0.872918618825099,-1.26848981608796,0.0627102365147536,0.295431241009408,-0.814702762039943
"168",-5.12069516337655,0.28609061468672,-0.752362796457546,2.14734274336091,-2.63145259480639,1.04336278745479,-1.03236983013571,-2.02546769370032,-1.72906712610633,-0.833871346964159,-0.750568769176358,1.44314021173867,-0.27254319639492,-0.808017677944003,0.281899291826993,-1.37405208107485,-0.759880668338941,-0.120364482126083,-0.816762172628552,0.939476221004638,-2.85559727567824
"169",1.18469313980739,1.80850409791574,-0.438273904211412,-1.28750188294159,0.534749625744829,0.115676000683076,1.7845788962299,-0.808930401666038,-1.15951622930155,0.705648756046439,-1.45325136219731,-0.0301159154036225,-0.645860761197489,-0.0343516959412905,0.320184047692291,3.02255676472891,0.795571500891065,1.63576482000274,-0.7617873394297,-0.908062399565725,1.25493357473539
"170",-2.22535066183026,-0.366519010915917,-1.56436918607786,-0.188395696048574,1.0375643398574,2.13459388477656,1.01626087962027,0.439588848299772,-0.490108093424868,-1.07615257656714,0.102982742615237,-1.7184102295608,0.957623041817133,-0.446517617404625,0.519689212219471,-0.422739332206844,-1.30154990994711,1.39552770311734,0.166822968369247,-0.802562884255129,-1.29241372918408
"171",2.03398748847872,1.64512999061108,-0.629901614038269,0.297622368019237,1.65430395700022,-0.568950956231914,1.47557723036515,0.273927821663668,0.184516736213057,-0.613483028731953,1.1525565833567,0.43058178923918,0.333356847964133,0.991659166277632,-0.194344644271921,-0.584716767106403,1.05973422640127,1.99665517995184,-1.01012337732525,1.62093074773496,2.27688318240396
"172",0.353152147125612,0.664540281908677,-2.32313249544774,1.36463972829011,0.537127999711066,-0.66990140057927,-0.266077167818436,0.281854056106299,2.18800182490123,-0.269889917606877,-0.183532223130028,0.0524627460773534,0.230049067914315,-1.89924249349897,1.51938585616539,-1.49076463244499,0.38917361355741,1.2322498515929,0.249638581055381,-0.854764319763264,-0.631843639731908
"173",11.4452459228814,2.13175035857685,-0.206572295959016,1.67545395715595,1.99181427011251,2.36814988113238,-0.297142202522076,-1.28640463247672,-0.908124629442249,-1.59272620361688,-0.0387427364920433,0.322775674799522,-0.140611648587039,1.08696950927515,-0.0686515994311816,0.418389123199939,1.2352665836892,-0.296995486745013,-0.719627295800594,1.61172016333527,0.742940614107726
"174",-3.04598300460908,0.521397681113245,1.38595405765081,-0.310559842305895,-0.443987676373632,-1.87274861607907,-1.42066708227471,0.692782292564724,-1.40318233335383,-0.576797531120397,0.0185702333832092,0.826876196808912,-1.06384289310861,-0.748463953749915,-0.360918837056329,0.0626502139395831,-1.05111566937533,-0.222791705702906,-1.59020736033582,-0.0284938950072928,0.618674132149973
"175",2.90600356739037,2.4515214952226,0.919170398906222,0.840072105606042,1.13124162793313,0.0657472937388723,0.921700773845468,-1.56227864137784,0.187675122206961,0.195842499042539,0.920900390281043,0.172390682686313,-0.207560624315048,1.14250341755991,-0.534210301243058,0.416543955493577,-0.585231778590401,2.44476822394925,-0.402449097164937,-0.850978630178143,-0.597000394613671
"176",-1.65304192421702,-1.3373817612724,0.690430311498151,0.873092878583277,0.208333448333718,0.287028209347757,0.215258322441807,-1.18150395826985,-1.41602749074863,1.87283432248813,-1.09360143594469,-1.02368939829146,0.771352403101034,0.998625717993233,-2.27276186984768,0.217905738757024,1.69014011132837,0.467749189011334,-0.329444898639781,-0.232782751512526,-0.435911222058622
"177",0.0198286191334212,0.011680018973026,0.00305162318487875,-0.384068898364169,-1.93116706934624,0.923566061296743,-0.721493925151033,1.16252045543399,-1.24320365570288,0.0999072011714995,-1.57269261680596,-0.483559262088404,1.51236578921163,-0.439011111480324,-1.33012357943667,0.122010843024152,0.0426872609696705,-0.327798195198397,0.251993268779219,-0.337742565145552,-0.803682268923172
"178",0.167271834866333,-0.374914874391198,0.494984411387514,1.17900066513765,-1.13701995972744,-0.604969702019178,0.78399320024111,0.292824088946658,-0.205576992992234,0.865213694564098,0.3645436550866,-0.501966450731153,0.0270632049836922,0.589864314590234,-0.278247589879758,0.610720732461199,-1.16342221385955,-0.629971862473121,0.49444035684202,0.188867882013293,0.457332659402486
"179",2.83273120763084,-0.751131652901093,1.51062858527212,0.488651700924632,0.123787311797146,-1.17031175028074,1.11520783696009,0.247083238640897,1.6411476970872,-1.05661870008291,-0.376335247373312,-0.48214752799993,-1.1961248839536,1.97588997420757,0.472127221645044,-0.0248523178749025,1.12174056137094,0.200600628973631,1.38150040134494,-2.4983993349498,0.0179900235353294
"180",3.70252364124812,0.471949088540472,0.0639732403330728,0.21544451366526,-0.0988939668569636,-0.59725200756304,1.39037263321628,0.296477165687289,1.13883162561911,-0.358037511111333,-0.764816815148233,1.37773199503298,1.08934696023142,-0.283436981547914,0.855585490684329,-0.620124807354083,0.260014176356656,-0.698880727439482,-0.315947199142748,0.604943494576439,-1.18704745303169
